{
  "timestamp": "2025-08-24T19:11:25.409415",
  "quality_score": 1.0,
  "avg_distance": 0.011248583424462987,
  "ttft_ratio": 7.819344077291978,
  "tps_ratio": 0.5013069166082897,
  "num_tests": 3,
  "note": "Updated for candle-vllm new format (numeric bytes, raw logprobs)"
}