{
  "timestamp": "2025-08-25T05:18:33.193823",
  "quality_score": 1.0,
  "avg_distance": 0.007193573963342599,
  "ttft_ratio": 7.553450981626077,
  "tps_ratio": 0.5218599978543369,
  "num_tests": 3,
  "note": "Updated for candle-vllm new format (numeric bytes, raw logprobs)"
}