{
  "timestamp": "2025-08-24T18:54:31.343087",
  "quality_score": 1.0,
  "avg_distance": 0.009497757876675856,
  "ttft_ratio": 14.94584717961281,
  "tps_ratio": 0.5058350586334847,
  "num_tests": 3,
  "note": "Updated for candle-vllm new format (numeric bytes, raw logprobs)"
}