{
  "timestamp": 1756062763.2399933,
  "best_config": {
    "block_size": 8,
    "holding_time": 25
  },
  "benchmark_stats": {
    "config": {
      "block_size": 8,
      "holding_time": 25
    },
    "ttft_ms": {
      "mean": 103.14774513244629,
      "min": 102.29992866516113,
      "max": 103.98721694946289,
      "std": 0.6434036901676597
    },
    "tps": {
      "mean": 82.11841358871472,
      "min": 81.98398593902584,
      "max": 82.25348002703147,
      "std": 0.12108637036744506
    }
  },
  "recommendations": []
}