{
  "timestamp": 1756061746.18017,
  "best_config": {
    "prefill_chunk_size": 8192
  },
  "benchmark_stats": {
    "config": {
      "prefill_chunk_size": 8192
    },
    "ttft_ms": {
      "mean": 103.20677757263184,
      "min": 102.6155948638916,
      "max": 103.95216941833496,
      "std": 0.481012795187552
    },
    "tps": {
      "mean": 70.3190571940681,
      "min": 70.16094362807827,
      "max": 70.54025817814144,
      "std": 0.1506967403289279
    }
  },
  "recommendations": []
}